canonical_vgp_root	selection_id	assembly_accession_version	annotation_accession_version	annotation_gff_sha256	sequence_dictionary_equal	slurm_job_id	callable_bp	estimate	estimator	heterozygous_variants	partition
/moosefs/erikg/vgp	P07	GCA_048126635.1	GCA_048126635.1-GB_2025_08_04	8f640543accd8081d1b7048eda32c9f1eef33b02f321b7b0f8adcf3b01dd6838	true	1781559	26185407	0.000605260785138837	normalized heterozygous allele records / callable CDS bp	15849	CDS
/moosefs/erikg/vgp	P07	GCA_048126635.1	GCA_048126635.1-GB_2025_08_04	8f640543accd8081d1b7048eda32c9f1eef33b02f321b7b0f8adcf3b01dd6838	true	1781559	4230801	0.0008475936353423382	heterozygous SNPs / callable fourfold bp	3586	fourfold
/moosefs/erikg/vgp	P07	GCA_048126635.1	GCA_048126635.1-GB_2025_08_04	8f640543accd8081d1b7048eda32c9f1eef33b02f321b7b0f8adcf3b01dd6838	true	1781559	1455109	0.0011662356565728066	heterozygous SNPs / callable fourfold AT bp	1697	fourfold_W
/moosefs/erikg/vgp	P07	GCA_048126635.1	GCA_048126635.1-GB_2025_08_04	8f640543accd8081d1b7048eda32c9f1eef33b02f321b7b0f8adcf3b01dd6838	true	1781559	2775692	0.0006805510121439986	heterozygous SNPs / callable fourfold GC bp	1889	fourfold_S
/moosefs/erikg/vgp	P07	GCA_048126635.1	GCA_048126635.1-GB_2025_08_04	8f640543accd8081d1b7048eda32c9f1eef33b02f321b7b0f8adcf3b01dd6838	true	1781559	1455109	0.0009250166138756615	AT-to-GC SNPs / callable fourfold AT bp	1346	WS
/moosefs/erikg/vgp	P07	GCA_048126635.1	GCA_048126635.1-GB_2025_08_04	8f640543accd8081d1b7048eda32c9f1eef33b02f321b7b0f8adcf3b01dd6838	true	1781559	2775692	0.0004748365452651087	GC-to-AT SNPs / callable fourfold GC bp	1318	SW
