canonical_vgp_root	selection_id	mask_id	minimum_depth	maximum_depth	callable_bp_common_mask	assembly_sites	read_sites	shared_sites	assembly_only_sites	read_only_sites	assembly_pi_common_mask	read_pi_common_mask	pi_difference_read_minus_assembly	pi_ratio_read_over_assembly	concordant_pi_lower_bracket	union_pi_upper_bracket	jaccard	strong_homozygous_alt_snp_sites	mapping_consensus_qv	psmc_assembly_theta_0	psmc_read_theta_0	psmc_theta_ratio_read_over_assembly	psmc_lambda_pearson_correlation	psmc_log_lambda_rmse
/moosefs/erikg/vgp	P07	dp5_100	5	100	257515131	257759	98204	90676	167083	7528	0.0010009470084303513	0.00038135234857325723	-0.0006195946598570941	0.38099154636695515	0.0003521191148958156	0.001030180242107793	0.3418034053685254	200	61.097727566132065	0.032921	0.030967	0.9406457884025395	-0.14400748532728733	3.885861863453293
/moosefs/erikg/vgp	P07	dp10_60	10	60	252149011	219892	95862	89291	130601	6571	0.0008720716338641519	0.0003801799563671499	-0.000491891677497002	0.43595037563895	0.00035411996916378944	0.0008981316210675123	0.39428515916507334	125	63.04747256064193	0.032921	0.030404	0.9235442422769661	-0.1439232579845222	3.8067239231402183
/moosefs/erikg/vgp	P07	dp10_80	10	80	255821332	223172	97377	90340	132832	7037	0.0008723744742287559	0.00038064456641950404	-0.0004917299078092518	0.4363316186618393	0.00035313708709795944	0.0008998819535503005	0.3924260128839446	129	62.97347045572926	0.032921	0.030955	0.9402812794265059	-0.14400632776300307	3.78807709787958
/moosefs/erikg/vgp	P07	dp15_80	15	80	253529700	199684	96088	89418	110266	6670	0.0007876158099031395	0.00037900096122860555	-0.000408614848674534	0.4812002964684201	0.0003526924064517885	0.0008139243646799566	0.43332331818137765	88	64.59546170377476	0.032921	0.03084	0.9367880684061846	-0.14391424519957952	3.696449267809177
/moosefs/erikg/vgp	P07	dp20_80	20	80	246528943	178439	92644	86484	91955	6160	0.0007238054803163619	0.0003757936040799883	-0.00034801187623637357	0.5191914323662429	0.000350806679928044	0.0007487924044683061	0.4684965790713926	68	65.59359000956918	0.032921	0.030332	0.921357188420765	-0.14389637753382267	3.606653415674752
/moosefs/erikg/vgp	P07	dp10_100	10	100	255940536	223683	97572	90396	133287	7176	0.0008739647243686322	0.0003812291773898606	-0.0004927355469787716	0.43620659594157807	0.0003531914147433058	0.000902002487015187	0.39156368172780787	129	62.97549364829574	0.032921	0.031027	0.9424683332827071	-0.14399183333779264	3.8047280387752354
